CustomerID,CustomerName,City,Age,Gender,Email
10001,Aditya Chauhan,Surat,20.0,Male,customer1@example.com
10002,Ishaan Singh,Chennai,38.0,Female,customer2@example.com
10003,Aamir Desai,Nagpur,37.0,Female,customer3@example.com
10004,Aditya Ansari,Lucknow,29.0,Female,customer4@example.com
10005,Rahul Khan,Ahmedabad,23.0,Male,customer5@example.com
10006,Imran Mishra,Surat,19.0,Female,customer6@example.com
10007,Sara Chauhan,Kolkata,18.0,Male,customer7@example.com
10008,Sara Chauhan,Jaipur,38.0,Female,customer8@example.com
10009,Imran Khan,Pune,21.0,Male,customer9@example.com
10010,Myra Singh,Nagpur,59.0,Male,customer10@example.com
10011,Imran Shaikh,Ahmedabad,28.0,Female,customer11@example.com
10012,Rahul Kapoor,Lucknow,46.0,Male,customer12@example.com
10013,Aisha Malik,Chennai,46.0,Female,customer13@example.com
10014,Zaid Desai,Surat,39.0,Female,customer14@example.com
10015,Danish Singh,Mumbai,55.0,Male,customer15@example.com
10016,Aamir Mehta,Delhi,22.0,Male,customer16@example.com
10017,Aditya Joshi,Kolkata,28.0,Female,customer17@example.com
10018,Kiara Sharma,Jaipur,28.0,Male,customer18@example.com
10019,Myra Desai,Lucknow,23.0,Male,customer19@example.com
10020,Kabir Malik,Chennai,30.0,Male,customer20@example.com
10021,Arjun Chauhan,Ahmedabad,31.0,Male,customer21@example.com
10022,Anaya Shaikh,Kolkata,50.0,Female,customer22@example.com
10023,Vivaan Mishra,Nagpur,30.0,Male,customer23@example.com
10024,Aamir Kapoor,Ahmedabad,55.0,Female,customer24@example.com
10025,Anaya Chauhan,Chennai,51.0,Male,customer25@example.com
10026,Aisha Patel,Nagpur,56.0,Female,customer26@example.com
10027,Kunal Gupta,Delhi,22.0,Male,customer27@example.com
10028,Sameer Sharma,Nagpur,60.0,Male,customer28@example.com
10029,Danish Patel,Delhi,44.0,Female,customer29@example.com
10030,Sara Ansari,Pune,60.0,Male,customer30@example.com
10031,Zoya Chauhan,Lucknow,33.0,Male,customer31@example.com
10032,Kunal Mishra,Jaipur,58.0,Female,customer32@example.com
10033,Zaid Verma,Nagpur,43.0,Male,customer33@example.com
10034,Kiara Shaikh,Jaipur,21.0,Male,customer34@example.com
10035,Vivaan Gupta,Ahmedabad,35.0,Male,customer35@example.com
10036,Diya Patel,Hyderabad,23.0,Female,customer36@example.com
10037,Sameer Khan,Mumbai,58.0,Female,customer37@example.com
10038,Anaya Gupta,Delhi,31.0,Female,customer38@example.com
10039,Rohan Mehta,Pune,27.0,Female,customer39@example.com
10040,Danish Ansari,Mumbai,41.0,Male,customer40@example.com
10041,Zoya Singh,Kolkata,36.0,Male,customer41@example.com
10042,Arjun Desai,Lucknow,22.0,Male,customer42@example.com
10043,Ishaan Ansari,Nagpur,53.0,Male,customer43@example.com
10044,Aditya Verma,Chennai,54.0,Male,customer44@example.com
10045,Aisha Desai,Surat,49.0,Female,customer45@example.com
10046,Aamir Desai,Nagpur,44.0,Female,customer46@example.com
10047,Myra Shaikh,Surat,35.0,Female,customer47@example.com
10048,Kiara Verma,Chennai,41.0,Female,customer48@example.com
10049,Ayaan Ansari,Pune,40.0,Female,customer49@example.com
10050,Ishaan Patel,Nagpur,25.0,Male,customer50@example.com
10051,Diya Patel,Bangalore,21.0,Female,customer51@example.com
10052,Diya Sharma,Hyderabad,28.0,Female,customer52@example.com
10053,Diya Chauhan,Mumbai,37.0,Male,customer53@example.com
10054,Aisha Malik,Lucknow,24.0,Male,customer54@example.com
10055,Sameer Ansari,Ahmedabad,22.0,Female,customer55@example.com
10056,Kabir Chauhan,Delhi,54.0,Male,customer56@example.com
10057,Danish Singh,Bangalore,34.0,Female,customer57@example.com
10058,Imran Joshi,Kolkata,43.0,Female,customer58@example.com
10059,Aarav Patel,Kolkata,40.0,Male,customer59@example.com
10060,Ayaan Khan,Lucknow,49.0,Male,customer60@example.com
10061,Aamir Ansari,Pune,49.0,Male,customer61@example.com
10062,Ishaan Gupta,Nagpur,30.0,Male,customer62@example.com
10063,Myra Joshi,Chennai,54.0,Male,customer63@example.com
10064,Vivaan Chauhan,Lucknow,33.0,Female,customer64@example.com
10065,Danish Malik,Bangalore,53.0,Male,customer65@example.com
10066,Danish Joshi,Mumbai,35.0,Male,customer66@example.com
10067,Aditya Joshi,Mumbai,22.0,Male,customer67@example.com
10068,Diya Verma,Hyderabad,50.0,Female,customer68@example.com
10069,Farhan Sharma,Nagpur,19.0,Male,customer69@example.com
10070,Kunal Singh,Mumbai,51.0,Male,customer70@example.com
10071,Sana Mehta,Hyderabad,19.0,Female,customer71@example.com
10072,Kabir Singh,Delhi,26.0,Male,customer72@example.com
10073,Sana Desai,Nagpur,43.0,Male,customer73@example.com
10074,Aarav Mehta,Jaipur,58.0,Male,customer74@example.com
10075,Diya Sharma,Lucknow,35.0,Male,customer75@example.com
10076,Myra Verma,Jaipur,23.0,Male,customer76@example.com
10077,Zoya Verma,Ahmedabad,28.0,Female,customer77@example.com
10078,Aamir Malik,Lucknow,56.0,Male,customer78@example.com
10079,Arjun Joshi,Mumbai,49.0,Male,customer79@example.com
10080,Imran Chauhan,Surat,22.0,Male,customer80@example.com
10081,Sana Malik,Jaipur,34.0,Female,customer81@example.com
10082,Zaid Singh,Jaipur,29.0,Female,customer82@example.com
10083,Aamir Desai,Hyderabad,25.0,Male,customer83@example.com
10084,Rohan Patel,Lucknow,54.0,Male,customer84@example.com
10085,Kunal Sharma,Hyderabad,44.0,Male,customer85@example.com
10086,Aditya Khan,Mumbai,25.0,Male,customer86@example.com
10087,Aisha Ansari,Surat,45.0,Male,customer87@example.com
10088,Anaya Singh,Bangalore,35.0,Male,customer88@example.com
10089,Sara Patel,Delhi,20.0,Female,customer89@example.com
10090,Kiara Gupta,Ahmedabad,37.0,Male,customer90@example.com
10091,Zoya Patel,Bangalore,25.0,Male,customer91@example.com
10092,Sameer Ansari,Surat,28.0,Male,customer92@example.com
10093,Sameer Singh,Chennai,55.0,Female,customer93@example.com
10094,Arjun Shaikh,Mumbai,48.0,Female,customer94@example.com
10095,Ayaan Verma,Nagpur,23.0,Male,customer95@example.com
10096,Anaya Malik,Kolkata,54.0,Male,customer96@example.com
10097,Farhan Shaikh,Pune,42.0,Female,customer97@example.com
10098,Sana Khan,Jaipur,55.0,Female,customer98@example.com
10099,Kunal Khan,Kolkata,50.0,Male,customer99@example.com
10100,Kunal Mishra,Mumbai,32.0,Female,customer100@example.com
10101,Kunal Kapoor,Lucknow,40.0,Female,customer101@example.com
10102,Sameer Ansari,Hyderabad,40.0,Male,customer102@example.com
10103,Aamir Mehta,Jaipur,48.0,Female,customer103@example.com
10104,Aisha Mishra,Surat,28.0,Male,customer104@example.com
10105,Kabir Chauhan,Ahmedabad,32.0,Male,customer105@example.com
10106,Kabir Ansari,Jaipur,28.0,Male,customer106@example.com
10107,Aisha Singh,Pune,30.0,Male,customer107@example.com
10108,Sara Verma,Bangalore,24.0,Female,customer108@example.com
10109,Vivaan Khan,Hyderabad,19.0,Male,customer109@example.com
10110,Aamir Kapoor,Surat,58.0,Male,customer110@example.com
10111,Arjun Singh,Kolkata,21.0,Male,customer111@example.com
10112,Anaya Mehta,Hyderabad,56.0,Female,customer112@example.com
10113,Sara Verma,Lucknow,18.0,Female,customer113@example.com
10114,Diya Joshi,Surat,51.0,Female,customer114@example.com
10115,Danish Patel,Surat,32.0,Male,customer115@example.com
10116,Sameer Desai,Pune,40.0,Female,customer116@example.com
10117,Aarav Chauhan,Jaipur,30.0,Female,customer117@example.com
10118,Sameer Ansari,Ahmedabad,39.0,Female,customer118@example.com
10119,Ishaan Singh,Chennai,37.0,Male,customer119@example.com
10120,Rohan Malik,Hyderabad,40.0,Female,customer120@example.com
10121,Arjun Joshi,Delhi,34.0,Male,customer121@example.com
10122,Aditya Malik,Pune,41.0,Male,customer122@example.com
10123,Ishaan Khan,Kolkata,53.0,Male,customer123@example.com
10124,Aisha Singh,Surat,36.0,Male,customer124@example.com
10125,Aisha Sharma,Surat,33.0,Male,customer125@example.com
10126,Rahul Gupta,Bangalore,23.0,Male,customer126@example.com
10127,Rahul Verma,Jaipur,33.0,Male,customer127@example.com
10128,Ishaan Patel,Delhi,23.0,Female,customer128@example.com
10129,Anaya Khan,Jaipur,25.0,Male,customer129@example.com
10130,Rahul Joshi,Hyderabad,58.0,Female,customer130@example.com
10131,Diya Patel,Chennai,21.0,Female,customer131@example.com
10132,Rohan Kapoor,Jaipur,38.0,Female,customer132@example.com
10133,Sana Joshi,Chennai,53.0,Female,customer133@example.com
10134,Aamir Shaikh,Lucknow,58.0,Male,customer134@example.com
10135,Farhan Joshi,Kolkata,24.0,Female,customer135@example.com
10136,Rohan Sharma,Nagpur,25.0,Female,customer136@example.com
10137,Arjun Mishra,Ahmedabad,34.0,Male,customer137@example.com
10138,Aamir Gupta,Pune,41.0,Male,customer138@example.com
10139,Sameer Chauhan,Lucknow,59.0,Female,customer139@example.com
10140,Vivaan Khan,Hyderabad,26.0,Male,customer140@example.com
10141,Kabir Gupta,Kolkata,25.0,Male,customer141@example.com
10142,Anaya Gupta,Delhi,28.0,Female,customer142@example.com
10143,Aamir Mishra,Delhi,55.0,Female,customer143@example.com
10144,Arjun Joshi,Kolkata,19.0,Male,customer144@example.com
10145,Danish Gupta,Bangalore,34.0,Female,customer145@example.com
10146,Diya Verma,Nagpur,23.0,Male,customer146@example.com
10147,Zoya Verma,Surat,24.0,Female,customer147@example.com
10148,Danish Gupta,Jaipur,57.0,Female,customer148@example.com
10149,Myra Singh,Jaipur,18.0,Male,customer149@example.com
10150,Kabir Sharma,Ahmedabad,31.0,Male,customer150@example.com
10151,Kunal Desai,Mumbai,57.0,Female,customer151@example.com
10152,Aarav Kapoor,Hyderabad,44.0,Male,customer152@example.com
10153,Danish Patel,Chennai,21.0,Male,customer153@example.com
10154,Rohan Joshi,Surat,37.0,Male,customer154@example.com
10155,Rohan Khan,Bangalore,59.0,Female,customer155@example.com
10156,Ishaan Ansari,Chennai,35.0,Male,customer156@example.com
10157,Aditya Verma,Hyderabad,40.0,Female,customer157@example.com
10158,Ayaan Malik,Delhi,40.0,Female,customer158@example.com
10159,Sara Ansari,Delhi,46.0,Male,customer159@example.com
10160,Zoya Chauhan,Hyderabad,26.0,Female,customer160@example.com
10161,Rohan Khan,Mumbai,54.0,Female,customer161@example.com
10162,Farhan Kapoor,Mumbai,60.0,Male,customer162@example.com
10163,Sana Mehta,Hyderabad,24.0,Female,customer163@example.com
10164,Ayaan Sharma,Bangalore,53.0,Male,customer164@example.com
10165,Arjun Joshi,Kolkata,53.0,Male,customer165@example.com
10166,Danish Shaikh,Mumbai,49.0,Male,customer166@example.com
10167,Rohan Desai,Pune,33.0,Female,customer167@example.com
10168,Sameer Desai,Chennai,38.0,Female,customer168@example.com
10169,Sana Verma,Nagpur,54.0,Male,customer169@example.com
10170,Rahul Mishra,Ahmedabad,24.0,Female,customer170@example.com
10171,Ishaan Verma,Surat,53.0,Female,customer171@example.com
10172,Farhan Gupta,Hyderabad,57.0,Female,customer172@example.com
10173,Kiara Mehta,Chennai,47.0,Female,customer173@example.com
10174,Sana Mishra,Chennai,32.0,Male,customer174@example.com
10175,Rahul Patel,Surat,42.0,Female,customer175@example.com
10176,Imran Sharma,Nagpur,20.0,Male,customer176@example.com
10177,Rohan Singh,Nagpur,58.0,Male,customer177@example.com
10178,Sana Mishra,Lucknow,32.0,Male,customer178@example.com
10179,Arjun Kapoor,Kolkata,20.0,Female,customer179@example.com
10180,Aditya Chauhan,Kolkata,52.0,Female,customer180@example.com
10181,Myra Kapoor,Nagpur,46.0,Male,customer181@example.com
10182,Ayaan Kapoor,Pune,44.0,Male,customer182@example.com
10183,Aditya Gupta,Hyderabad,20.0,Male,customer183@example.com
10184,Sameer Verma,Surat,50.0,Female,customer184@example.com
10185,Aarav Chauhan,Hyderabad,45.0,Male,customer185@example.com
10186,Kunal Malik,Bangalore,52.0,Female,customer186@example.com
10187,Zaid Shaikh,Kolkata,53.0,Male,customer187@example.com
10188,Kiara Khan,Pune,27.0,Male,customer188@example.com
10189,Sara Chauhan,Surat,27.0,Female,customer189@example.com
10190,Zaid Mehta,Surat,57.0,Male,customer190@example.com
10191,Aarav Mishra,Pune,40.0,Male,customer191@example.com
10192,Zoya Mehta,Kolkata,36.0,Male,customer192@example.com
10193,Aarav Khan,Nagpur,30.0,Female,customer193@example.com
10194,Vivaan Desai,Jaipur,45.0,Male,customer194@example.com
10195,Kiara Patel,Bangalore,50.0,Male,customer195@example.com
10196,Sara Patel,Ahmedabad,18.0,Male,customer196@example.com
10197,Kunal Joshi,Ahmedabad,41.0,Female,customer197@example.com
10198,Sara Kapoor,Ahmedabad,60.0,Female,customer198@example.com
10199,Vivaan Patel,Mumbai,30.0,Female,customer199@example.com
10200,Kabir Verma,Pune,30.0,Male,customer200@example.com
10201,Sana Chauhan,Surat,55.0,Female,customer201@example.com
10202,Rohan Mishra,Bangalore,20.0,Male,customer202@example.com
10203,Sameer Gupta,Pune,35.0,Female,customer203@example.com
10204,Aamir Patel,Pune,37.0,Female,customer204@example.com
10205,Zoya Sharma,Bangalore,52.0,Female,customer205@example.com
10206,Rahul Mehta,Delhi,23.0,Female,customer206@example.com
10207,Kabir Khan,Hyderabad,36.0,Female,customer207@example.com
10208,Aarav Ansari,Surat,24.0,Male,customer208@example.com
10209,Sana Khan,Mumbai,51.0,Female,customer209@example.com
10210,Rohan Gupta,Pune,45.0,Female,customer210@example.com
10211,Zoya Ansari,Mumbai,39.0,Female,customer211@example.com
10212,Aisha Joshi,Kolkata,34.0,Female,customer212@example.com
10213,Aamir Patel,Pune,24.0,Male,customer213@example.com
10214,Myra Desai,Lucknow,57.0,Female,customer214@example.com
10215,Aarav Ansari,Ahmedabad,45.0,Male,customer215@example.com
10216,Aditya Chauhan,Lucknow,31.0,Female,customer216@example.com
10217,Diya Khan,Ahmedabad,35.0,Female,customer217@example.com
10218,Aamir Khan,Chennai,49.0,Male,customer218@example.com
10219,Danish Kapoor,Surat,48.0,Female,customer219@example.com
10220,Vivaan Shaikh,Chennai,37.0,Female,customer220@example.com
10221,Sana Verma,Nagpur,31.0,Female,customer221@example.com
10222,Arjun Gupta,Nagpur,,Male,customer222@example.com
10223,Imran Malik,Ahmedabad,46.0,Male,customer223@example.com
10224,Rohan Mishra,Jaipur,43.0,Female,customer224@example.com
10225,Imran Verma,Pune,21.0,Female,customer225@example.com
10226,Sana Kapoor,Lucknow,38.0,Female,customer226@example.com
10227,Sameer Sharma,Jaipur,44.0,Female,customer227@example.com
10228,Farhan Joshi,Surat,58.0,Male,customer228@example.com
10229,Arjun Malik,Pune,40.0,Female,customer229@example.com
10230,Myra Khan,Lucknow,32.0,Male,customer230@example.com
10231,Sara Patel,Chennai,41.0,Female,customer231@example.com
10232,Sara Singh,Bangalore,25.0,Female,customer232@example.com
10233,Aarav Mishra,Bangalore,21.0,Female,customer233@example.com
10234,Arjun Joshi,Kolkata,47.0,Female,customer234@example.com
10235,Rahul Kapoor,Pune,60.0,Male,customer235@example.com
10236,Sara Desai,Delhi,54.0,Male,customer236@example.com
10237,Aamir Gupta,Chennai,43.0,Male,customer237@example.com
10238,Ishaan Chauhan,Ahmedabad,19.0,Female,customer238@example.com
10239,Myra Sharma,Pune,60.0,Male,customer239@example.com
10240,Ishaan Khan,Nagpur,37.0,Female,customer240@example.com
10241,Kabir Desai,Lucknow,30.0,Male,customer241@example.com
10242,Kabir Chauhan,Kolkata,56.0,Male,customer242@example.com
10243,Sameer Mehta,Nagpur,50.0,Male,customer243@example.com
10244,Kunal Gupta,Chennai,50.0,Male,customer244@example.com
10245,Aisha Malik,Delhi,29.0,Male,customer245@example.com
10246,Zoya Kapoor,Mumbai,60.0,Male,customer246@example.com
10247,Aisha Malik,Nagpur,37.0,Female,customer247@example.com
10248,Kabir Singh,Nagpur,40.0,Female,customer248@example.com
10249,Aditya Shaikh,Jaipur,50.0,Female,customer249@example.com
10250,Zoya Singh,Delhi,46.0,Male,customer250@example.com
10251,Aditya Malik,Pune,25.0,Female,customer251@example.com
10252,Sana Kapoor,Mumbai,31.0,Female,customer252@example.com
10253,Kabir Singh,Mumbai,33.0,Female,customer253@example.com
10254,Imran Mehta,Bangalore,58.0,Male,customer254@example.com
10255,Kabir Mehta,Kolkata,48.0,Female,customer255@example.com
10256,Sana Chauhan,Mumbai,,Female,customer256@example.com
10257,Myra Desai,Nagpur,49.0,Male,customer257@example.com
10258,Sana Khan,Chennai,49.0,Male,customer258@example.com
10259,Kiara Sharma,Pune,34.0,Female,customer259@example.com
10260,Sameer Joshi,Kolkata,35.0,Male,customer260@example.com
10261,Kunal Patel,Lucknow,56.0,Male,customer261@example.com
10262,Rahul Desai,Pune,42.0,Female,customer262@example.com
10263,Rohan Verma,Mumbai,24.0,Male,customer263@example.com
10264,Zoya Patel,Mumbai,48.0,Male,customer264@example.com
10265,Kiara Kapoor,Surat,43.0,Male,customer265@example.com
10266,Farhan Patel,Delhi,39.0,Female,customer266@example.com
10267,Arjun Verma,Ahmedabad,49.0,Male,customer267@example.com
10268,Danish Patel,Hyderabad,57.0,Female,customer268@example.com
10269,Aamir Khan,Lucknow,32.0,Male,customer269@example.com
10270,Imran Sharma,Mumbai,36.0,Female,customer270@example.com
10271,Sara Sharma,Surat,26.0,Female,customer271@example.com
10272,Rahul Patel,Jaipur,45.0,Female,customer272@example.com
10273,Diya Sharma,Chennai,35.0,Female,customer273@example.com
10274,Aamir Joshi,Bangalore,32.0,Male,customer274@example.com
10275,Imran Ansari,Nagpur,47.0,Female,customer275@example.com
10276,Diya Shaikh,Pune,35.0,Female,customer276@example.com
10277,Diya Verma,Chennai,37.0,Female,customer277@example.com
10278,Sana Gupta,Hyderabad,36.0,Female,customer278@example.com
10279,Sara Kapoor,Bangalore,29.0,Female,customer279@example.com
10280,Diya Desai,Hyderabad,23.0,Male,customer280@example.com
10281,Imran Sharma,Delhi,53.0,Male,customer281@example.com
10282,Sameer Patel,Mumbai,21.0,Male,customer282@example.com
10283,Kiara Mehta,Pune,31.0,Male,customer283@example.com
10284,Ayaan Mehta,Delhi,46.0,Female,customer284@example.com
10285,Ishaan Joshi,Hyderabad,23.0,Female,customer285@example.com
10286,Zoya Singh,Surat,46.0,Male,customer286@example.com
10287,Kabir Sharma,Delhi,49.0,Male,customer287@example.com
10288,Aarav Shaikh,Mumbai,46.0,Female,customer288@example.com
10289,Zoya Gupta,Delhi,31.0,Female,customer289@example.com
10290,Kiara Khan,Kolkata,18.0,Female,customer290@example.com
10291,Aditya Desai,Pune,56.0,Female,customer291@example.com
10292,Aditya Sharma,Chennai,32.0,Female,customer292@example.com
10293,Zaid Kapoor,Mumbai,52.0,Female,customer293@example.com
10294,Anaya Khan,Pune,26.0,Male,customer294@example.com
10295,Myra Desai,Hyderabad,24.0,Female,customer295@example.com
10296,Diya Kapoor,Chennai,51.0,Male,customer296@example.com
10297,Ayaan Mishra,Kolkata,58.0,Male,customer297@example.com
10298,Rohan Desai,Lucknow,55.0,Male,customer298@example.com
10299,Danish Chauhan,Chennai,50.0,Male,customer299@example.com
10300,Ishaan Malik,Surat,28.0,Male,customer300@example.com
10301,Farhan Chauhan,Kolkata,57.0,Female,customer301@example.com
10302,Sara Patel,Pune,46.0,Female,customer302@example.com
10303,Diya Joshi,Bangalore,25.0,Male,customer303@example.com
10304,Rohan Gupta,Pune,23.0,Female,customer304@example.com
10305,Sana Desai,Ahmedabad,55.0,Male,customer305@example.com
10306,Myra Singh,Bangalore,29.0,Male,customer306@example.com
10307,Aisha Shaikh,Surat,50.0,Female,customer307@example.com
10308,Anaya Malik,Chennai,23.0,Male,customer308@example.com
10309,Ayaan Mehta,Surat,30.0,Female,customer309@example.com
10310,Vivaan Patel,Jaipur,30.0,Female,customer310@example.com
10311,Aamir Gupta,Hyderabad,30.0,Male,customer311@example.com
10312,Arjun Singh,Bangalore,47.0,Male,customer312@example.com
10313,Farhan Mehta,Jaipur,57.0,Female,customer313@example.com
10314,Kunal Shaikh,Pune,57.0,Female,customer314@example.com
10315,Imran Shaikh,Bangalore,49.0,Female,customer315@example.com
10316,Sara Verma,Nagpur,26.0,Male,customer316@example.com
10317,Aamir Shaikh,Chennai,59.0,Male,customer317@example.com
10318,Rahul Ansari,Mumbai,41.0,Female,customer318@example.com
10319,Ayaan Verma,Chennai,41.0,Female,customer319@example.com
10320,Diya Mishra,Chennai,48.0,Male,customer320@example.com
10321,Anaya Kapoor,Surat,51.0,Female,customer321@example.com
10322,Myra Gupta,Jaipur,58.0,Female,customer322@example.com
10323,Aisha Verma,Bangalore,43.0,Male,customer323@example.com
10324,Sameer Joshi,Delhi,44.0,Male,customer324@example.com
10325,Sana Desai,Ahmedabad,50.0,Female,customer325@example.com
10326,Sameer Malik,Mumbai,28.0,Female,customer326@example.com
10327,Rahul Desai,Pune,31.0,Male,customer327@example.com
10328,Danish Gupta,Delhi,44.0,Male,customer328@example.com
10329,Aisha Malik,Mumbai,20.0,Female,customer329@example.com
10330,Vivaan Verma,Nagpur,31.0,Male,customer330@example.com
10331,Rahul Chauhan,Delhi,48.0,Female,customer331@example.com
10332,Aarav Mehta,Mumbai,59.0,Female,customer332@example.com
10333,Farhan Ansari,Nagpur,40.0,Female,customer333@example.com
10334,Imran Desai,Bangalore,35.0,Male,customer334@example.com
10335,Zoya Khan,Lucknow,36.0,Male,customer335@example.com
10336,Zoya Malik,Mumbai,47.0,Male,customer336@example.com
10337,Ishaan Khan,Delhi,41.0,Female,customer337@example.com
10338,Farhan Ansari,Delhi,18.0,Male,customer338@example.com
10339,Danish Khan,Jaipur,41.0,Male,customer339@example.com
10340,Imran Mishra,Ahmedabad,35.0,Male,customer340@example.com
10341,Sara Patel,Chennai,48.0,Male,customer341@example.com
10342,Sana Mishra,Bangalore,55.0,Male,customer342@example.com
10343,Rahul Desai,Delhi,59.0,Female,customer343@example.com
10344,Zaid Joshi,Kolkata,44.0,Female,customer344@example.com
10345,Aamir Chauhan,Bangalore,33.0,Male,customer345@example.com
10346,Sana Chauhan,Ahmedabad,37.0,Male,customer346@example.com
10347,Zoya Mishra,Jaipur,25.0,Male,customer347@example.com
10348,Aditya Mehta,Surat,58.0,Female,customer348@example.com
10349,Sara Joshi,Chennai,54.0,Male,customer349@example.com
10350,Vivaan Khan,Mumbai,54.0,Female,customer350@example.com
10351,Imran Malik,Pune,32.0,Male,customer351@example.com
10352,Rahul Patel,Surat,31.0,Male,customer352@example.com
10353,Arjun Joshi,Kolkata,54.0,Female,customer353@example.com
10354,Aarav Joshi,Ahmedabad,41.0,Female,customer354@example.com
10355,Sameer Singh,Chennai,48.0,Female,customer355@example.com
10356,Anaya Gupta,Delhi,39.0,Female,customer356@example.com
10357,Sara Chauhan,Surat,37.0,Female,customer357@example.com
10358,Zoya Chauhan,Lucknow,45.0,Female,customer358@example.com
10359,Imran Gupta,Nagpur,,Male,customer359@example.com
10360,Ayaan Joshi,Surat,32.0,Male,customer360@example.com
10361,Arjun Kapoor,Pune,52.0,Male,customer361@example.com
10362,Myra Khan,Pune,28.0,Male,customer362@example.com
10363,Aisha Khan,Bangalore,35.0,Male,customer363@example.com
10364,Sara Khan,Nagpur,57.0,Male,customer364@example.com
10365,Sameer Malik,Kolkata,59.0,Male,customer365@example.com
10366,Sara Singh,Chennai,57.0,Female,customer366@example.com
10367,Zoya Chauhan,Nagpur,31.0,Male,customer367@example.com
10368,Rahul Ansari,Ahmedabad,54.0,Female,customer368@example.com
10369,Sara Shaikh,Surat,58.0,Male,customer369@example.com
10370,Sara Kapoor,Nagpur,60.0,Female,customer370@example.com
10371,Diya Chauhan,Mumbai,18.0,Female,customer371@example.com
10372,Ishaan Verma,Hyderabad,50.0,Male,customer372@example.com
10373,Diya Shaikh,Jaipur,60.0,Male,customer373@example.com
10374,Imran Verma,Lucknow,50.0,Female,customer374@example.com
10375,Rohan Patel,Delhi,28.0,Female,customer375@example.com
10376,Sana Patel,Pune,50.0,Male,customer376@example.com
10377,Aditya Mishra,Kolkata,22.0,Female,customer377@example.com
10378,Danish Singh,Lucknow,38.0,Female,customer378@example.com
10379,Sara Shaikh,Delhi,44.0,Male,customer379@example.com
10380,Arjun Ansari,Ahmedabad,37.0,Male,customer380@example.com
10381,Rahul Joshi,Pune,48.0,Male,customer381@example.com
10382,Zoya Mishra,Bangalore,28.0,Female,customer382@example.com
10383,Kunal Chauhan,Kolkata,44.0,Female,customer383@example.com
10384,Farhan Gupta,Hyderabad,45.0,Female,customer384@example.com
10385,Arjun Shaikh,Ahmedabad,45.0,Female,customer385@example.com
10386,Ishaan Mishra,Pune,30.0,Male,customer386@example.com
10387,Aarav Ansari,Lucknow,31.0,Male,customer387@example.com
10388,Myra Mishra,Mumbai,29.0,Male,customer388@example.com
10389,Aamir Khan,Surat,37.0,Male,customer389@example.com
10390,Kabir Desai,Mumbai,43.0,Female,customer390@example.com
10391,Kiara Malik,Jaipur,33.0,Female,customer391@example.com
10392,Aditya Khan,Hyderabad,35.0,Male,customer392@example.com
10393,Sameer Joshi,Hyderabad,30.0,Female,customer393@example.com
10394,Aarav Ansari,Mumbai,27.0,Female,customer394@example.com
10395,Danish Sharma,Jaipur,46.0,Male,customer395@example.com
10396,Aditya Singh,Delhi,53.0,Female,customer396@example.com
10397,Sara Desai,Ahmedabad,30.0,Female,customer397@example.com
10398,Aamir Verma,Jaipur,55.0,Female,customer398@example.com
10399,Sana Singh,Surat,42.0,Female,customer399@example.com
10400,Rohan Singh,,25.0,Male,customer400@example.com
10401,Aarav Verma,Pune,33.0,Female,customer401@example.com
10402,Imran Kapoor,Jaipur,18.0,Male,customer402@example.com
10403,Sara Chauhan,Lucknow,19.0,Female,customer403@example.com
10404,Danish Khan,Pune,32.0,Male,customer404@example.com
10405,Zaid Mishra,Delhi,37.0,Male,customer405@example.com
10406,Vivaan Kapoor,Surat,52.0,Female,customer406@example.com
10407,Anaya Verma,Delhi,23.0,Male,customer407@example.com
10408,Aisha Desai,Ahmedabad,54.0,Male,customer408@example.com
10409,Vivaan Khan,Bangalore,28.0,Female,customer409@example.com
10410,Ishaan Mishra,Delhi,23.0,Male,customer410@example.com
10411,Aarav Malik,Lucknow,48.0,Female,customer411@example.com
10412,Arjun Malik,Delhi,51.0,Male,customer412@example.com
10413,Farhan Khan,Jaipur,44.0,Male,customer413@example.com
10414,Anaya Kapoor,Jaipur,22.0,Female,customer414@example.com
10415,Myra Sharma,Mumbai,22.0,Male,customer415@example.com
10416,Ayaan Mehta,Bangalore,34.0,Male,customer416@example.com
10417,Aamir Patel,Lucknow,37.0,Female,customer417@example.com
10418,Myra Chauhan,Kolkata,60.0,Female,customer418@example.com
10419,Diya Patel,Delhi,30.0,Male,customer419@example.com
10420,Aarav Kapoor,Nagpur,26.0,Female,customer420@example.com
10421,Kabir Malik,,58.0,Female,customer421@example.com
10422,Kiara Sharma,Mumbai,24.0,Female,customer422@example.com
10423,Aarav Sharma,Nagpur,19.0,Male,customer423@example.com
10424,Arjun Sharma,Mumbai,36.0,Female,customer424@example.com
10425,Diya Malik,Kolkata,35.0,Female,customer425@example.com
10426,Sana Desai,Nagpur,44.0,Female,customer426@example.com
10427,Sana Mehta,Kolkata,55.0,Male,customer427@example.com
10428,Kabir Desai,Ahmedabad,58.0,Female,customer428@example.com
10429,Ayaan Sharma,Hyderabad,30.0,Female,customer429@example.com
10430,Anaya Desai,Delhi,60.0,Male,customer430@example.com
10431,Sana Kapoor,Kolkata,45.0,Female,customer431@example.com
10432,Aditya Chauhan,Surat,20.0,Female,customer432@example.com
10433,Myra Ansari,Delhi,58.0,Male,customer433@example.com
10434,Diya Desai,Surat,23.0,Female,customer434@example.com
10435,Aamir Sharma,Hyderabad,43.0,Male,customer435@example.com
10436,Aamir Mehta,Kolkata,52.0,Female,customer436@example.com
10437,Aditya Khan,Delhi,28.0,Female,customer437@example.com
10438,Anaya Gupta,Ahmedabad,29.0,Female,customer438@example.com
10439,Imran Chauhan,Bangalore,38.0,Male,customer439@example.com
10440,Danish Malik,Pune,56.0,Female,customer440@example.com
10441,Aditya Desai,Jaipur,27.0,Male,customer441@example.com
10442,Aamir Patel,Mumbai,46.0,Female,customer442@example.com
10443,Diya Chauhan,Chennai,37.0,Female,customer443@example.com
10444,Vivaan Patel,Ahmedabad,22.0,Male,customer444@example.com
10445,Aarav Verma,Delhi,48.0,Male,customer445@example.com
10446,Aditya Ansari,Pune,53.0,Male,customer446@example.com
10447,Imran Mishra,Hyderabad,42.0,Female,customer447@example.com
10448,Sara Malik,Ahmedabad,25.0,Male,customer448@example.com
10449,Imran Sharma,Nagpur,24.0,Male,customer449@example.com
10450,Vivaan Malik,Surat,36.0,Male,customer450@example.com
10451,Aarav Sharma,Bangalore,39.0,Male,customer451@example.com
10452,Ayaan Kapoor,Mumbai,41.0,Male,customer452@example.com
10453,Sameer Ansari,Mumbai,28.0,Male,customer453@example.com
10454,Zaid Patel,Ahmedabad,39.0,Male,customer454@example.com
10455,Kunal Khan,Delhi,30.0,Female,customer455@example.com
10456,Aisha Patel,Bangalore,47.0,Male,customer456@example.com
10457,Zaid Mishra,Surat,52.0,Female,customer457@example.com
10458,Farhan Singh,Surat,46.0,Female,customer458@example.com
10459,Danish Chauhan,Surat,18.0,Female,customer459@example.com
10460,Kabir Malik,Pune,60.0,Male,customer460@example.com
10461,Myra Joshi,Ahmedabad,19.0,Male,customer461@example.com
10462,Aamir Patel,,60.0,Female,customer462@example.com
10463,Ayaan Mishra,Bangalore,19.0,Female,customer463@example.com
10464,Imran Verma,Kolkata,40.0,Female,customer464@example.com
10465,Aamir Joshi,Kolkata,22.0,Male,customer465@example.com
10466,Imran Ansari,Hyderabad,22.0,Male,customer466@example.com
10467,Kabir Malik,Lucknow,47.0,Male,customer467@example.com
10468,Aamir Mishra,Jaipur,49.0,Male,customer468@example.com
10469,Arjun Patel,Kolkata,23.0,Female,customer469@example.com
10470,Sameer Gupta,Jaipur,59.0,Male,customer470@example.com
10471,Anaya Singh,Lucknow,31.0,Male,customer471@example.com
10472,Kiara Gupta,Kolkata,31.0,Female,customer472@example.com
10473,Arjun Khan,Pune,30.0,Female,customer473@example.com
10474,Sana Patel,Lucknow,37.0,Male,customer474@example.com
10475,Zoya Verma,Jaipur,25.0,Male,customer475@example.com
10476,Aditya Verma,Nagpur,36.0,Female,customer476@example.com
10477,Farhan Singh,Delhi,27.0,Female,customer477@example.com
10478,Aisha Malik,Chennai,20.0,Female,customer478@example.com
10479,Zaid Malik,Nagpur,33.0,Female,customer479@example.com
10480,Sana Singh,Kolkata,46.0,Female,customer480@example.com
10481,Arjun Singh,Nagpur,50.0,Male,customer481@example.com
10482,Myra Mehta,Mumbai,33.0,Male,customer482@example.com
10483,Zoya Joshi,Mumbai,31.0,Female,customer483@example.com
10484,Farhan Verma,Lucknow,51.0,Male,customer484@example.com
10485,Zoya Sharma,Hyderabad,47.0,Male,customer485@example.com
10486,Rohan Singh,Kolkata,53.0,Male,customer486@example.com
10487,Sameer Gupta,Chennai,56.0,Female,customer487@example.com
10488,Arjun Mehta,Hyderabad,53.0,Male,customer488@example.com
10489,Aditya Joshi,Nagpur,58.0,Male,customer489@example.com
10490,Kunal Joshi,Delhi,35.0,Male,customer490@example.com
10491,Farhan Ansari,Lucknow,34.0,Male,customer491@example.com
10492,Danish Malik,Surat,31.0,Female,customer492@example.com
10493,Farhan Malik,Ahmedabad,28.0,Male,customer493@example.com
10494,Farhan Verma,Hyderabad,50.0,Female,customer494@example.com
10495,Ayaan Chauhan,Delhi,48.0,Male,customer495@example.com
10496,Kunal Joshi,Jaipur,52.0,Female,customer496@example.com
10497,Rahul Singh,Chennai,25.0,Female,customer497@example.com
10498,Imran Malik,Delhi,39.0,Female,customer498@example.com
10499,Imran Shaikh,Hyderabad,27.0,Female,customer499@example.com
10500,Sana Gupta,Nagpur,56.0,Male,customer500@example.com
10501,Diya Chauhan,Pune,29.0,Female,customer501@example.com
10502,Danish Kapoor,Bangalore,24.0,Female,customer502@example.com
10503,Arjun Kapoor,Jaipur,42.0,Female,customer503@example.com
10504,Myra Gupta,Bangalore,55.0,Female,customer504@example.com
10505,Sara Gupta,Nagpur,57.0,Female,customer505@example.com
10506,Kabir Chauhan,Surat,22.0,Female,customer506@example.com
10507,Ayaan Verma,Nagpur,32.0,Female,customer507@example.com
10508,Imran Desai,Surat,24.0,Female,customer508@example.com
10509,Zaid Gupta,Bangalore,31.0,Male,customer509@example.com
10510,Aarav Khan,Bangalore,40.0,Male,customer510@example.com
10511,Vivaan Khan,Hyderabad,30.0,Male,customer511@example.com
10512,Myra Desai,Chennai,20.0,Male,customer512@example.com
10513,Diya Sharma,Surat,39.0,Male,customer513@example.com
10514,Vivaan Verma,Jaipur,20.0,Male,customer514@example.com
10515,Danish Shaikh,Ahmedabad,27.0,Male,customer515@example.com
10516,Sameer Patel,Surat,18.0,Male,customer516@example.com
10517,Sara Verma,Ahmedabad,21.0,Female,customer517@example.com
10518,Vivaan Chauhan,Hyderabad,36.0,Female,customer518@example.com
10519,Kiara Sharma,Hyderabad,54.0,Female,customer519@example.com
10520,Aamir Desai,Kolkata,51.0,Male,customer520@example.com
10521,Anaya Desai,Delhi,22.0,Male,customer521@example.com
10522,Zaid Shaikh,Jaipur,19.0,Female,customer522@example.com
10523,Sara Patel,Ahmedabad,32.0,Male,customer523@example.com
10524,Ayaan Malik,Jaipur,46.0,Female,customer524@example.com
10525,Anaya Khan,Kolkata,50.0,Male,customer525@example.com
10526,Imran Shaikh,Lucknow,53.0,Male,customer526@example.com
10527,Imran Mishra,Nagpur,32.0,Female,customer527@example.com
10528,Vivaan Mishra,Kolkata,25.0,Male,customer528@example.com
10529,Aamir Chauhan,Chennai,19.0,Male,customer529@example.com
10530,Aamir Verma,Delhi,24.0,Female,customer530@example.com
10531,Aisha Ansari,Lucknow,20.0,Male,customer531@example.com
10532,Arjun Ansari,Surat,55.0,Female,customer532@example.com
10533,Aisha Shaikh,Jaipur,29.0,Male,customer533@example.com
10534,Zoya Malik,Surat,53.0,Male,customer534@example.com
10535,Kunal Sharma,Surat,41.0,Female,customer535@example.com
10536,Anaya Mehta,Lucknow,41.0,Male,customer536@example.com
10537,Aisha Gupta,Kolkata,37.0,Female,customer537@example.com
10538,Sameer Patel,Delhi,53.0,Female,customer538@example.com
10539,Sara Patel,Mumbai,19.0,Female,customer539@example.com
10540,Aamir Desai,Bangalore,21.0,Male,customer540@example.com
10541,Zoya Mishra,Chennai,36.0,Female,customer541@example.com
10542,Zoya Joshi,Jaipur,34.0,Female,customer542@example.com
10543,Rahul Desai,Chennai,41.0,Female,customer543@example.com
10544,Diya Mishra,Mumbai,49.0,Male,customer544@example.com
10545,Ishaan Patel,Bangalore,43.0,Female,customer545@example.com
10546,Imran Singh,Nagpur,29.0,Male,customer546@example.com
10547,Myra Shaikh,Nagpur,32.0,Female,customer547@example.com
10548,Rohan Khan,Hyderabad,50.0,Male,customer548@example.com
10549,Myra Chauhan,Lucknow,26.0,Female,customer549@example.com
10550,Aarav Singh,Jaipur,39.0,Female,customer550@example.com
10551,Sameer Gupta,Nagpur,41.0,Male,customer551@example.com
10552,Zoya Patel,Surat,50.0,Female,customer552@example.com
10553,Rohan Patel,Ahmedabad,48.0,Female,customer553@example.com
10554,Ayaan Kapoor,Hyderabad,,Male,customer554@example.com
10555,Zoya Sharma,Ahmedabad,31.0,Male,customer555@example.com
10556,Ishaan Mehta,Pune,33.0,Female,customer556@example.com
10557,Rahul Verma,Hyderabad,35.0,Male,customer557@example.com
10558,Rahul Gupta,Ahmedabad,27.0,Male,customer558@example.com
10559,Sana Joshi,Kolkata,44.0,Female,customer559@example.com
10560,Sara Gupta,Kolkata,26.0,Male,customer560@example.com
10561,Aarav Khan,Hyderabad,45.0,Female,customer561@example.com
10562,Kabir Mehta,Hyderabad,50.0,Male,customer562@example.com
10563,Myra Desai,Mumbai,59.0,Female,customer563@example.com
10564,Myra Malik,Ahmedabad,23.0,Male,customer564@example.com
10565,Danish Malik,Kolkata,50.0,Female,customer565@example.com
10566,Zaid Ansari,Nagpur,21.0,Female,customer566@example.com
10567,Diya Chauhan,Kolkata,32.0,Male,customer567@example.com
10568,Farhan Sharma,Chennai,25.0,Male,customer568@example.com
10569,Sara Shaikh,Mumbai,24.0,Female,customer569@example.com
10570,Sara Joshi,Bangalore,25.0,Female,customer570@example.com
10571,Kiara Shaikh,Hyderabad,19.0,Female,customer571@example.com
10572,Zoya Desai,Hyderabad,53.0,Male,customer572@example.com
10573,Rohan Gupta,,20.0,Female,customer573@example.com
10574,Imran Chauhan,Hyderabad,35.0,Female,customer574@example.com
10575,Anaya Desai,Lucknow,48.0,Male,customer575@example.com
10576,Kunal Gupta,Delhi,60.0,Male,customer576@example.com
10577,Aamir Kapoor,Pune,54.0,Male,customer577@example.com
10578,Rohan Joshi,Delhi,23.0,Female,customer578@example.com
10579,Aditya Desai,Pune,60.0,Male,customer579@example.com
10580,Zaid Shaikh,Jaipur,46.0,Male,customer580@example.com
10581,Danish Gupta,Mumbai,25.0,Female,customer581@example.com
10582,Myra Gupta,Hyderabad,37.0,Male,customer582@example.com
10583,Imran Khan,Mumbai,57.0,Female,customer583@example.com
10584,Aarav Shaikh,Nagpur,34.0,Female,customer584@example.com
10585,Sana Kapoor,Jaipur,25.0,Female,customer585@example.com
10586,Ishaan Malik,Bangalore,55.0,Female,customer586@example.com
10587,Zaid Patel,Bangalore,58.0,Female,customer587@example.com
10588,Aarav Shaikh,Delhi,59.0,Female,customer588@example.com
10589,Rohan Patel,Chennai,59.0,Female,customer589@example.com
10590,Kabir Sharma,Lucknow,55.0,Male,customer590@example.com
10591,Farhan Kapoor,Ahmedabad,37.0,Male,customer591@example.com
10592,Anaya Singh,Surat,26.0,Female,customer592@example.com
10593,Aamir Verma,Hyderabad,44.0,Male,customer593@example.com
10594,Arjun Joshi,Pune,27.0,Female,customer594@example.com
10595,Danish Sharma,Chennai,38.0,Female,customer595@example.com
10596,Zaid Verma,Bangalore,46.0,Female,customer596@example.com
10597,Rahul Ansari,Nagpur,58.0,Male,customer597@example.com
10598,Imran Malik,Bangalore,30.0,Male,customer598@example.com
10599,Sara Mishra,Chennai,28.0,Male,customer599@example.com
10600,Diya Malik,Kolkata,49.0,Female,customer600@example.com
